champion,voice_line
Aatrox,*Grunt* "Nothing can kill me!"
Aatrox,*Laughs* "Let them lament… my name."
Aatrox,*Laughs* "Yes! Fight me!"
Aatrox,*Laughs* "Yes, Tryndamere! I am the cause of your suffering! See if you can cut me from this body!"
Aatrox,"A bird? You would challenge me with a bird?!" *Laughs* "Come!"
Aatrox,"A lightning squirrel?" *Laughs* "Thank you! Your death will amuse me!"
Aatrox,A scythe? A scythe?! Are you planning on murdering fields of wheat?!
Aatrox,"A spirit blade, master Shen? Test it against me, let me shatter your illusions!"
Aatrox,"A spirit for cowards, I laugh at your tricks and mushrooms!"
Aatrox,A statue? Rock shatters as easily as bone! Come!
Aatrox,"A troll king?! Come! Defend your throne, king of trolls!"
Aatrox,"A worthy vessel! Come, Jax!"
Aatrox,"Ah, mastery, well done! Now master your insignificance."
Aatrox,"All that lives, I will end!"
Aatrox,"Am I challenged by a tree?! Fine, let me build a pyre from you!"
Aatrox,Am I the abyss? Or did I gaze into it?
Aatrox,"Another foolish god, even the phoenix shall end."
Aatrox,"Are you a joke, you loud, horrible thing? I shall kill you and your whistling bird too!"
Aatrox,"As long as life exists, as long as time has meaning, I am not done!"
Aatrox,"As long as this form lives, I will punish them."
Aatrox,Aspect of change! Now you die!
Aatrox,Become… hate!
Aatrox,"Behold, immortality!"
Aatrox,"Behold, the World-Ender!"
Aatrox,Bow worms! Bow before the World-Ender!
Aatrox,Carnage is my method.
Aatrox,"Carnage, hate, yes! I am the World-Ender!"
Aatrox,"Carnage, my last joy."
Aatrox,Carnage… Hoooooome…
Aatrox,"Challenge me, mortals! I am here!"
Aatrox,"Cleave through them, Aatrox! Crush their skulls! Shatter their ribs! Disembowel their very souls!" *Heavy breathing* "Our vengeance is at hand!"
Aatrox,Come closer! I will show you… darkness!
Aatrox,"Come!" *Grunt* "Destiny awaits!"
Aatrox,"Come, fight me!"
Aatrox,"Come, let me show you darkness!"
Aatrox,"Cowardly spirit, how annoying you are! I will savor killing you, Teemo!"
Aatrox,Dark deeds I will do this day… Though I will carry myself as my former pride dictates!
Aatrox,Death to all! The World-Ender awaits!
Aatrox,"Demacia!" *Laughs* "Whatever 'Demacia' is, I will slay it next!"
Aatrox,Did you think you could kill me?!
Aatrox,"Die, Kayle, knowing your potential will never be reached."
Aatrox,"Die, Shen, knowing the Eye of the Twilight is blinded and plucked."
Aatrox,"Do I resemble you, abomination? Your form isn't my destiny… is it? You don't know how to talk, do you?"
Aatrox,Do you see my edge?! Your death awaits!
Aatrox,Every dream is a candle I must snuff out… I… am the darkness…
Aatrox,Fight! Join me in death!
Aatrox,Fight! Or be forgotten!
Aatrox,Follow me into destruction!
Aatrox,"For my imprisonment, they will suffer!"
Aatrox,"From entire villages and towns, I will rend the flesh… Until I stand… as an unholy god."
Aatrox,"Gods and mortals, they deserve only death!"
Aatrox,Guns and oranges? Are you a cliché or a joke? Come! Fight! Die!
Aatrox,"Hail father Ornn, god of fire and forge!" *Laughs* "I am Aatrox, and I am the god-killer!"
Aatrox,Hail Pantheon! How noble and proud he carries himself! Come betrayer! Come brothers! Come sinners! See how the gods bleed!
Aatrox,Hail Pantheon! How many times must I kill you? Let the gods tremble at my feet!
Aatrox,Hail Pantheon! Let me hear you cry of friendship! Let me hear you scream of brotherhood!
Aatrox,Hail Pantheon! See the weapon I have become! Watch as you are destroyed!
Aatrox,"Hail the protector! Hail Taric, aspect of- get a haircut!"
Aatrox,"Hear me, tree spirit. Your form is but kindling, and your forests I will burn!"
Aatrox,Hear this cursed form sing!
Aatrox,"Honestly, a bow and two boys? What was your plan, Varus?"
Aatrox,How far I have fallen! A god… reduced to a prisoner!
Aatrox,"How I loathe your freedom, trickster! I will take this vengeance upon you, until the end of times!"
Aatrox,"I am Aatrox, I am the World-Ender!"
Aatrox,"I am forgotten… until I slay the dragon once more!"
Aatrox,"I am oblivion! I am destruction! I am doom!"
Aatrox,"I am the god of death!"
Aatrox,"I dared kill gods… what more can they do to me?"
Aatrox,"I do not want this!"
Aatrox,"I feel my flesh rotting, spoiling… soon there will be nothing left of me!"
Aatrox,"I know an executioner when I see one, Draven."
Aatrox,I know blood when I smell it.
Aatrox,"I know who you truly are, mortal. I will drown you in a pool of your own blood."
Aatrox,"I will drink from your skull!"
Aatrox,"I will drown them in oceans of blood!"
Aatrox,"I will find my love, and then I will kill you all!"
Aatrox,"I will render these mortal forms unto ash!"
Aatrox,"I will savor carving your name into my flesh, Riven. A thousand times, until you beg me to rip you apart!"
Aatrox,"I will snuff out the light from your eyes!"
Aatrox,"I will teach you to die, Tryndamere."
Aatrox,"I will tell you a secret, Tryndamere. I was there when Aatrox slew your kin… what magic, what beauty, I know your rage. Come, let me feel your rage!"
Aatrox,"If they kill me, what better time for my return than now?!"
Aatrox,"It is such immeasurable suffering. I do not know what I am."
Aatrox,It matters not! I will kill them all!
Aatrox,Join me in eternity, Kayle.
Aatrox,"Kill me, Varus! You kill us both! Then I will find you, Darkin, and I will force you inside me!"
Aatrox,"Kill this form if you must! You will only free me, Darkin! And I will find you and slay you, Varus!"
Aatrox,Kill! Kill and die!
Aatrox,"Legends do not slay the dragon, Tryndamere. Legends learn to run."
Aatrox,"Let me tear their flesh from them!"
Aatrox,"Let me watch them die!"
Aatrox,"Lunari, your light fails! What can you do to me?"
Aatrox,"Make your death worthy of my time!"
Aatrox,"Mortal habit, the breathing. Bastard habit! The suffering!"
Aatrox,"Now, at last I have found you, demon sorceress! What trickery is this?!" (to Syndra)
Aatrox,"Now, friend, we have saved the apocalypse! Let us go our separate ways!"
Aatrox,"Now, Pantheon. We shall fight forever!"
Aatrox,"Now, Pantheon. We are doomed to struggle forever."
Aatrox,"Ooh, a challenge. I love challenges! Oh, you meant this runt? What a waste of my time."
Aatrox,"Ornn, my brother! We are destined to fight!"
Aatrox,"Pantheon! The man's unbroken will, twisting a Darkin! Now you die!"
Aatrox,"Poor Tryndamere. Your minuscule brain cannot fathom the depth of your failure!"
Aatrox,"Return to flesh!"
Aatrox,"See? See what you made me do!"
Aatrox,"See? That wasn't too bad."
Aatrox,"Shall I prove my worth?"
Aatrox,"Stand and fight!"
Aatrox,"Stand and fight me, summoner!"
Aatrox,"Submit! You have already lost."
Aatrox,"Suffer as I suffer."
Aatrox,"The heavens are not done with me. I am not done with them!"
Aatrox,"The world denied my greatness! Now, I destroy it!"
Aatrox,"There are three certainties in life: honor, death and hangovers!"
Aatrox,"They think me defeated? How amusing."
Aatrox,"They will call me villain. Come, let me earn their hatred!"
Aatrox,"This form is but a shadow of my true power!"
Aatrox,"This war is just beginning!"
Aatrox,"Three, four… It matters not! I will slay them all!"
Aatrox,"Tides of blood! Pain that never ends! Let them break against me!"
Aatrox,"Tryndamere, you will suffer! You will suffer!"
Aatrox,"Tryndamere, your death will be the grand finale of this little ditty."
Aatrox,Tryndamere! Face me, brute!
Aatrox,Tryndamere! Let us consume each other!
Aatrox,"We are going to destroy the universe, Jarvan IV. It is just science."
Aatrox,"What weapons are you supposed to be throwing at me, Leona? Sunlight?"
Aatrox,"Why do we feel nothing? Why do I feel nothing?"
Aatrox,"Why, Kayn? Why have you become such nonsense?"
Aatrox,"Witness the end!"
Aatrox,"World Ender? Do they think that name supposed to frighten me?"
Aatrox,"World Ender? Ha! I will show you an end!"
Aatrox,"World Ender? Hmph."
Aatrox,"Yes! I am the World-Ender!"
Aatrox,"Yes… yes! Die! Die!"
Aatrox,"You know me too well, Pantheon."
Aatrox,"You wretched, vile creature! I am Darkin, I will kill you all!"
Ahri,Akali's no problem once you know her weak spots.
Ahri,Am I to play the role of mouse to some crow?
Ahri,Any true beauty is an exception.
Ahri,Be careful in the world of men, Ahri.
Ahri,Break their heartstrings.
Ahri,Care for a dance?
Ahri,Careful now. Don't get blood on the tails.
Ahri,Come try your luck, if you think you're in my league.
Ahri,Don't you trust me?
Ahri,Every step a new journey.
Ahri,Forbidden love? How tragic.
Ahri,Follow the fox, follow your doom.
Ahri,Forgetting something?
Ahri,How tempting.
Ahri,I don't hide my nature. I revel in it.
Ahri,I know what they desire.
Ahri,I play with them, and they play with fire.
Ahri,I prefer going deeper… into the forest.
Ahri,I suppose you're expecting some unbearable pun.
Ahri,I want to savor this.
Ahri,I'll give you a moment to catch up.
Ahri,I'm not really feeling this conversation.
Ahri,I've made my choice. Do you?
Ahri,Just looking for some peace and quiet.
Ahri,Let's have some real fun.
Ahri,Loneliness isn't so bad, once you get used to it.
Ahri,Love is a game I always win.
Ahri,More than you'd think, less than I'd hoped.
Ahri,Never rush the seduction.
Ahri,No one will stand in my way.
Ahri,No secrets are safe from me.
Ahri,People have said I'm charming. Or maybe they said, "alarming?"
Ahri,Playtime's over.
Ahri,Shall we dance?
Ahri,Should I make your pulse rise? Or… STOP!
Ahri,Still can't make up your mind? Let me help you.
Ahri,Such a busy world.
Ahri,Sure, just call me "eight tails."
Ahri,Tails… you lose.
Ahri,Tell me a secret.
Ahri,The world is my feast.
Ahri,They hesitate because they fear.
Ahri,This way, love.
Ahri,Toxins? Must we?
Ahri,What does the fox say?
Ahri,You can't tame me.
Ahri,You know you want me.
Akali,"A little smash and grab, it gets the blood pumping, you know?"
Akali,Ain't nobody's gonna stop us now!
Akali,All that you love will crumble before me.
Akali,As if you could stop me!
Akali,Aw, looking for me?
Akali,Aw, you're getting so strong!
Akali,Back off!
Akali,"Bad kitty!"
Akali,Betrayal never comes from your enemies.
Akali,Bleed for the cause.
Akali,Can you see the beauty in a fallen city?
Akali,Come on, live a little.
Akali,Deadly, close up and personal.
Akali,Don't blink! I might miss you.
Akali,Don't cross me.
Akali,Don't trust any dragon.
Akali,Don't you just love the way I make you feel?
Akali,Down, kitty.
Akali,Embrace the shadows.
Akali,Everyone wears a mask. I just choose to create my own.
Akali,Face your demons!
Akali,Follow the leader.
Akali,For my next trick, I'll make you disappear.
Akali,From the shadows.
Akali,Heads will roll.
Akali,Heh. Amateur.
Akali,Hold your breath.
Akali,I am the knife in the dark.
Akali,I didn't choose the order life gave me—but I can choose who pays for it.
Akali,I don't need a plan. Just instinct.
Akali,I don't need you to believe in me.
Akali,I fight where others can't.
Akali,I go unseen.
Akali,I never miss a beat, or a blade.
Akali,I want to remember what peace feels like.
Akali,If you don't know who I am, you've already lost.
Akali,I'll be in and out before they know it.
Akali,I'll make you bleed.
Akali,I'm just getting started.
Akali,I'm more than a weapon.
Akali,I'm not afraid of shadows.
Akali,I'm not playing around.
Akali,I'm the deadliest thing in the dark.
Akali,In and out. Fast.
Akali,In this game, precision beats power.
Akali,It’s not about killing. It’s about sending a message.
Akali,Just you and me.
Akali,Keep your distance, or don’t.
Akali,Let’s get bloody.
Akali,Lurking is half the fun.
Akali,Mistakes were made. Yours, mostly.
Akali,Never cross a shadow.
Akali,Ninjas move in silence.
Akali,No hesitation.
Akali,No more hiding.
Akali,No one can stop me.
Akali,Now you see me, now you’re dead.
Akali,One cut of my blade is all it takes.
Akali,One move ahead.
Akali,Out of sight, out of time.
Akali,Over before they know it.
Akali,Patience is not my strong suit.
Akali,Pierce through!
Akali,Quick and deadly.
Akali,Shadow is my friend.
Akali,Sharp enough?
Akali,Shh, it’s starting.
Akali,Silence is the deadliest weapon.
Akali,Slip through the cracks.
Akali,So fast they’ll never see it coming.
Akali,Speed is life.
Akali,Stay in the dark.
Akali,Strike fast. Leave no trace.
Akali,Style points count.
Akali,That’s how we do it.
Akali,The shadows have teeth.
Akali,They won’t know what hit them.
Akali,This is what I was trained for.
Akali,Through darkness, clarity.
Akali,Time to disappear.
Akali,Time to hunt.
Akali,Try and keep up.
Akali,Twin fangs—double the death.
Akali,Unseen, unstoppable.
Akali,Victory is in the details.
Akali,Watch your back.
Akali,We move together. Like smoke and steel.
Akali,What’s done in the shadows lives forever.
Akali,You look nervous.
Akali,Your guard’s down.
Alistar,Alistar is always ready.
Alistar,Another fight? Don’t mind if I do.
Alistar,Behold the power of the Minotaur!
Alistar,Big horns, big heart.
Alistar,Brace yourself.
Alistar,Demacia needs my strength!
Alistar,Face me if you dare!
Alistar,For the fallen!
Alistar,Get in my way—I dare you!
Alistar,Give them no ground!
Alistar,Got horns, will charge.
Alistar,Heavy hooves and heavier fists.
Alistar,Here comes the pain!
Alistar,Horns first!
Alistar,I charge, you fly.
Alistar,I will break their lines.
Alistar,I’ll trample the weak!
Alistar,It’s clobbering time!
Alistar,Let the stampede begin!
Alistar,Moo-ve it or lose it!
Alistar,My rage knows no bounds.
Alistar,One stomp at a time.
Alistar,Out of my way!
Alistar,Strength above all.
Alistar,That’s the last time they underestimate a Minotaur.
Alistar,The horns are the least of your worries.
Alistar,They won’t push me around again.
Alistar,This is for every chain I wore!
Alistar,Time to show them what fury looks like!
Alistar,Trample and toss!
Alistar,Victory is just a headbutt away.
Alistar,Witness true power!
Alistar,You mess with the bull, you get the horns!
Amumu,Am I... cursed?
Amumu,Are you my friend?
Amumu,Boo-hoo...
Amumu,Does no one like me?
Amumu,Every step feels heavy...
Amumu,Friends don’t leave...
Amumu,Hello...? Anyone...?
Amumu,Here we go again...
Amumu,I guess I’ll go cry now.
Amumu,I just want someone to hug me.
Amumu,I miss them...
Amumu,If I knew you’d leave, I wouldn’t have come.
Amumu,Is it me?
Amumu,It’s okay... I’m used to it...
Amumu,Just wanted to play...
Amumu,Maybe one day...
Amumu,No one ever picks me.
Amumu,Nobody keeps their promises.
Amumu,Not again...
Amumu,People always run...
Amumu,Please don’t go...
Amumu,Somebody said I’m contagious.
Amumu,Sometimes I think I’m the reason it rains.
Amumu,Still alone...
Amumu,They always forget me.
Amumu,They said they'd come back...
Amumu,This always happens...
Amumu,Why won’t anyone stay?
Amumu,Will I always be alone?
Anivia,A heart as cold as ice.
Anivia,A storm is coming...
Anivia,An eternal guardian.
Anivia,As long as I breathe, Freljord stands.
Anivia,Brace yourself for the blizzard.
Anivia,Cold winds are rising.
Anivia,Embrace the chill.
Anivia,Freljord endures.
Anivia,From ice we were born, and to ice we shall return.
Anivia,Guard the mountain’s heart.
Anivia,I am the storm given form.
Anivia,In the cold, we find clarity.
Anivia,My wings carry the hopes of many.
Anivia,Shatter like glass!
Anivia,Stillness is wisdom.
Anivia,The chill will freeze their blood.
Anivia,They will feel winter’s wrath.
Anivia,This world needs a guardian.
Anivia,We are all connected through the snow.
Anivia,Winter’s bite!
Anivia,You will be reborn in frost.
Annie,Annie’s home!
Annie,Burn it all down!
Annie,Don’t be afraid.
Annie,Fire is my friend!
Annie,Go Tibbers!
Annie,I'm not a monster...
Annie,It’s playtime!
Annie,Let's play a game!
Annie,More fire!
Annie,Naptime’s over!
Annie,See what I can do?
Annie,That tickles!
Annie,Tibbers is hungry...
Annie,Tibbers needs a hug!
Annie,Why does everyone run?
Annie,You made Tibbers angry!
Aphelios,…
Aphelios,For the faith.
Aphelios,In silence, I hear everything.
Aphelios,Light guides my aim.
Aphelios,Luna watches us.
Aphelios,My purpose is clear.
Aphelios,Quiet strength wins wars.
Aphelios,The moon never wavers.
Aphelios,They fall, one by one.
Aphelios,This is destiny.
Aphelios,We move as one.
Aphelios,With every shot, balance is restored.
Ashe,A leader must lead.
Ashe,Always on target.
Ashe,By my bow, I protect.
Ashe,Demacia? Interesting...
Ashe,Freljord is my home and duty.
Ashe,I do not miss.
Ashe,I will unite the tribes.
Ashe,I’ll protect them.
Ashe,Keep your eyes on the enemy.
Ashe,Let’s see how strong they are.
Ashe,No compromise.
Ashe,Precision above all.
Ashe,The bow is true.
Ashe,They will know the strength of the north.
Ashe,War is no reason to stop diplomacy.
Ashe,We forge our destiny.
Ashe,We take only what is ours.
Ashe,You’ll regret that.
Aurelion Sol,They dare defy the stars!
Aurelion Sol,I shaped the cosmos, now I must defend it.
Aurelion Sol,So much untapped power!
Aurelion Sol,My brilliance will be their undoing.
Aurelion Sol,Stars, heed my command.
Aurelion Sol,Creation bends to my whim.
Aurelion Sol,Let me remind them who I am.
Aurelion Sol,They look up and see only stars. I see conquest.
Aurelion Sol,Their gravity is nothing to mine.
Aurelion Sol,I gave them magic. I can take it back.
Aurelion Sol,A cosmic error, soon to be corrected.
Aurelion Sol,This galaxy... is mine.
Aurelion Sol,You dare reach for the stars?
Aurelion Sol,Even constellations kneel to me.
Aurelion Sol,Orbit me if you must, but you will fall.
Aurelion Sol,Another world to burn.
Aurelion Sol,Infinity bows to me.
Aurelion Sol,You exist because I allow it.

Azir,Shurima lives in me.
Azir,The sands command!
Azir,My empire shall rise again!
Azir,Bend the knee or break beneath it.
Azir,Shurima was once glorious. It shall be again.
Azir,Raise the sun disc!
Azir,I will reclaim what was lost.
Azir,Let them feel the wrath of the desert.
Azir,I am the Emperor of the Sands.
Azir,Obey or be buried.
Azir,The sun never sets on Shurima.
Azir,I walk the path of kings.
Azir,Serve me in life, or in death.
Azir,Their bones will pave my kingdom.
Azir,From the sand, I am reborn.
Azir,You will kneel!
Azir,The age of men is over; Shurima shall rise.
Bard,Chimes to play!
Bard,Everyone's on their way.
Bard,Follow me.
Bard,It's a magical journey!
Bard,One more song.
Bard,Sing along!
Bard,This world sings to me.
Bard,To the stars!
Bard,Trust the journey.
Bard,We bring harmony.
Blitzcrank,Fired up and ready to serve.
Blitzcrank,How can I help?
Blitzcrank,I remain focused.
Blitzcrank,I will protect you.
Blitzcrank,Initiate greeting protocol.
Blitzcrank,Target detected. Deploying fist.
Blitzcrank,Status: Friendly.
Blitzcrank,Error: None.
Blitzcrank,Good day, friend.
Blitzcrank,Engage!
Brand,All will burn.
Brand,By fire be purged!
Brand,Embers to inferno!
Brand,Feel the heat.
Brand,Fire consumes all.
Brand,Flame on!
Brand,Ignite the world!
Brand,It’s getting hot in here.
Brand,Let the world burn.
Brand,No one escapes my fire.
Brand,Scorched earth is my path.
Brand,The fire inside burns brighter.
Brand,They will scream—then burn.
Brand,This world will turn to ash.
Brand,Watch it all go up in flames.
Brand,Who wants to get burned?
Braum,Always bring a shield to a fistfight!
Braum,An ally in need? I am on the way!
Braum,Braum is here!
Braum,Do not worry, I have the moustache!
Braum,Even the heaviest door can be opened.
Braum,If you have problem, you come to me first.
Braum,Let us go—this will be fun!
Braum,My shield is my sword.
Braum,Stand behind Braum!
Braum,Today, we fight as one.
Braum,To build a better world, sometimes means tearing the old one down.
Braum,You can always trust Braum.
Caitlyn,Always a step ahead.
Caitlyn,Bang.
Caitlyn,Criminals beware.
Caitlyn,Dead on.
Caitlyn,Demacia has nothing on Piltover.
Caitlyn,Every shot is a lesson.
Caitlyn,Fine shooting, if I do say so myself.
Caitlyn,Got you in my sights.
Caitlyn,I never miss.
Caitlyn,Keep your distance.
Caitlyn,Let’s investigate.
Caitlyn,One shot, one kill.
Caitlyn,Order must be maintained.
Caitlyn,Precision is the name of the game.
Caitlyn,Stay sharp.
Caitlyn,The peace must be preserved.
Caitlyn,This is my city.
Caitlyn,You’re under arrest.
Camille,As precise as my blade.
Camille,Every element in its place.
Camille,For the cause, I will not waver.
Camille,Function over form.
Camille,I bring swift retribution.
Camille,In the pursuit of perfection, compromise is weakness.
Camille,Justice is swift.
Camille,Let us cut to the chase.
Camille,No tolerance for error.
Camille,One strike is all I need.
Camille,Order must be restored.
Camille,Perfection isn't optional.
Camille,Target neutralized.
Camille,The balance must be maintained.
Camille,There is elegance in restraint.
Camille,Violence is efficiency.
Cassiopeia,Another piece for my collection.
Cassiopeia,Be still, my venom is quick.
Cassiopeia,Come closer—I won’t bite... much.
Cassiopeia,Death is in my grasp.
Cassiopeia,Embrace your fate.
Cassiopeia,Fangs will find you.
Cassiopeia,I have no use for the weak.
Cassiopeia,I'll coil around your throat.
Cassiopeia,My gaze is fatal.
Cassiopeia,My presence is poisonous.
Cassiopeia,Nowhere to run.
Cassiopeia,One glance is all it takes.
Cassiopeia,Slither into silence.
Cassiopeia,They never see me coming.
Cassiopeia,Toxin delivered.
Cassiopeia,You’re already mine.
Cho'Gath,Appetites never cease.
Cho'Gath,Consume... devour.
Cho'Gath,Everything is prey.
Cho'Gath,Feed the Void!
Cho'Gath,Flesh and bone... delicious.
Cho'Gath,Grow... ever larger.
Cho'Gath,Hunger knows no end.
Cho'Gath,I will feast!
Cho'Gath,More... more!
Cho'Gath,Size does matter.
Cho'Gath,The feast begins.
Cho'Gath,They are nothing but snacks.
Cho'Gath,Void consumes all.
Cho'Gath,You are dinner.
Corki,Air superiority achieved!
Corki,Another target? Lovely.
Corki,Bandits beware!
Corki,Don't touch the mustache!
Corki,Enemy down!
Corki,Hold on to your goggles!
Corki,I'm going in!
Corki,It's dangerous to go alone—take me!
Corki,Keep it steady!
Corki,Let's barrel roll!
Corki,Load up the payload!
Corki,Reinforcements incoming!
Corki,Stay alert!
Corki,This is your pilot speaking.
Corki,Wings engaged!
Corki,You mess with the yordle, you get the missiles!
Darius,Another trophy for the arsenal.
Darius,By my hand, Noxus will rise.
Darius,Cleave them all!
Darius,Crush the weak!
Darius,Don't turn your back.
Darius,For Noxus!
Darius,I am the hand of Noxus.
Darius,I'll bleed them dry.
Darius,In the end, only strength matters.
Darius,Keep up or be left behind.
Darius,Let the blood flow.
Darius,Noxian might will prevail.
Darius,Strength above all.
Darius,They will regret opposing me.
Darius,This is what strength looks like.
Darius,Who’s next?
Darius,You call that a weapon?
Diana,A new moon rises.
Diana,By the light of the moon.
Diana,Darkness eclipses all.
Diana,Embrace the heresy.
Diana,Heaven is beneath me.
Diana,I am the light in the dark.
Diana,I will be heard.
Diana,It’s not faith—it’s truth.
Diana,Let the moonlight guide you.
Diana,Lunar fury unleashed.
Diana,My blade is my faith.
Diana,Reveal your darkness.
Diana,The moon sees all.
Diana,There is no shame in darkness.
Diana,They called me heretic. Now they call me god.
Diana,Truth is not always light.
Diana,You cannot escape the moon.
Dr. Mundo,Mundo goes where he pleases!
Dr. Mundo,Big purple doctor coming through!
Dr. Mundo,Brain? What brain?
Dr. Mundo,Doctor is in!
Dr. Mundo,Don't worry—Mundo fix!
Dr. Mundo,Have problem? Throw cleaver!
Dr. Mundo,I like hurting you.
Dr. Mundo,I prescribe... PAIN!
Dr. Mundo,Mundo smash!
Dr. Mundo,Mundo take!
Dr. Mundo,No pain, no gain!
Dr. Mundo,Pills not work. Mundo angry.
Dr. Mundo,Take two and call Mundo in morning!
Dr. Mundo,This will only hurt... A LOT!
Dr. Mundo,Time to experiment!
Dr. Mundo,Why Mundo even need license?
Draven,A true showman leaves blood.
Draven,Another perfect performance.
Draven,Catch!
Draven,Draven does it all... with style.
Draven,Draven's in the house.
Draven,Draven outplays, outshines, outkills!
Draven,Hit me with your best shot.
Draven,Let's get this show started.
Draven,More axes? Yes, please.
Draven,No one steals the show from Draven!
Draven,Perfection is my minimum.
Draven,Smile! You're about to die.
Draven,The crowd loves me!
Draven,Too easy.
Draven,Try to keep up!
Draven,Watch and learn!
Draven,Welcome to the League of Draven.
Ekko,Ain’t just time I’m breaking.
Ekko,Back to going forward.
Ekko,Can't fix stupid.
Ekko,Chrono shift engaged.
Ekko,Fast forward!
Ekko,Go back to sleep!
Ekko,I’m my own backup plan.
Ekko,I’ll do it again—differently.
Ekko,It’s rewind time!
Ekko,Keep up, if you can.
Ekko,Learn from the past—don’t repeat it.
Ekko,No time to waste.
Ekko,Nothing beats the beat.
Ekko,One step ahead, always.
Ekko,Rewind. Retry.
Ekko,Second chances are my specialty.
Ekko,This time, I got it.
Ekko,Time’s not on your side.
Ekko,What could go wrong?
Elise,A new web. A new prey.
Elise,Beauty is power.
Elise,Be still in my web.
Elise,Do you fear spiders?
Elise,Embrace the silken end.
Elise,Fear the widow’s bite.
Elise,My prey thinks itself safe.
Elise,Now you see me...
Elise,Precious prey...
Elise,Snared in my web.
Elise,Spider or woman? Why not both?
Elise,The web entangles all.
Elise,They’ll never escape.
Elise,This was never a choice.
Elise,Venom runs through me.
Elise,You’re already mine.
Evelynn,Another whisper in the dark.
Evelynn,Break them slowly.
Evelynn,Can’t run from desire.
Evelynn,Every touch is agony.
Evelynn,Feel something... anything.
Evelynn,I'll make you scream—then disappear.
Evelynn,Is that fear I smell?
Evelynn,Lust fades. Pain is forever.
Evelynn,More than they can handle.
Evelynn,My love hurts.
Evelynn,Nobody’s innocent.
Evelynn,One touch is all it takes.
Evelynn,Pain is the only truth.
Evelynn,Shhhh...
Evelynn,They always come back for more.
Evelynn,You’ll learn to love me.
Ezreal,Adventure awaits!
Ezreal,Check out this new relic!
Ezreal,Easy game, easy life.
Ezreal,Found something cool!
Ezreal,Guess who just leveled up?
Ezreal,I got this!
Ezreal,I’ve read about this in a scroll!
Ezreal,Let’s do some science!
Ezreal,Magic meets tech—boom!
Ezreal,Map? Who needs one?
Ezreal,Nothing ventured, nothing gained.
Ezreal,Ready to explore!
Ezreal,Time to flex these gauntlets.
Ezreal,What could possibly go wrong?
Ezreal,You’re gonna love this one.
Fiddlesticks,A whisper. A scream. A silence.
Fiddlesticks,All harvests begin in fear.
Fiddlesticks,Boo...
Fiddlesticks,Come closer...
Fiddlesticks,Crowstorm rising.
Fiddlesticks,Darkness feeds.
Fiddlesticks,Fear me.
Fiddlesticks,Hollow inside...
Fiddlesticks,I am not alone.
Fiddlesticks,It watches.
Fiddlesticks,No escape.
Fiddlesticks,Silence is safety.
Fiddlesticks,Still watching...
Fiddlesticks,The scarecrow walks.
Fiddlesticks,What was that sound?
Fiddlesticks,You shouldn't have come.
Fiora,Beauty in the blade.
Fiora,By my honor, you must die.
Fiora,En garde.
Fiora,I will carve my own path.
Fiora,I’m always ready for a duel.
Fiora,My blade is yours.
Fiora,Nothing personal.
Fiora,Perfection isn't optional.
Fiora,Prepare yourself.
Fiora,Skill always triumphs.
Fiora,Strike true.
Fiora,The art of war.
Fiora,The dance begins.
Fiora,To the death!
Fiora,Victory awaits.
Fizz,A trickster never rests.
Fizz,Bet they didn’t see that coming!
Fizz,Don't trust the smile.
Fizz,Fishbones would love this.
Fizz,Hehe, oops!
Fizz,I'm slippery when wet.
Fizz,Just keep swimming.
Fizz,Keep up!
Fizz,Let's make a splash!
Fizz,Shark attack!
Fizz,That was fun!
Fizz,They’ll never catch me!
Fizz,Time to dive in!
Fizz,You’re not swimming away from this.
Galio,A monument to justice!
Galio,At your service.
Galio,Back to protecting!
Galio,Demacia marches!
Galio,For the realm!
Galio,Hero coming through!
Galio,I am unbreakable!
Galio,My shield is your shield!
Galio,Never fear, Galio is here!
Galio,Nothing shall pass.
Galio,Rise up!
Galio,Stand strong!
Galio,Stone by stone!
Galio,The colossus awakens.
Galio,To the skies!
Galio,You shall not fall!
Gangplank,A reckoning comes.
Gangplank,Bang goes the cannon.
Gangplank,Blood for gold!
Gangplank,Dead men tell my tale.
Gangplank,Fortune favors the bold.
Gangplank,I’ve killed for less.
Gangplank,Keep your sails steady.
Gangplank,Let them taste salt and steel.
Gangplank,No one steals from me.
Gangplank,Pillage and plunder!
Gangplank,Raise the black flag.
Gangplank,The sea is my home.
Gangplank,They’ll remember my name!
Gangplank,Time to set sail.
Gangplank,Who’s ready to die?
Garen,A Demacian does not retreat.
Garen,By my will, this shall be finished!
Garen,Demacia marches as one!
Garen,For the glory of Demacia!
Garen,I will fight as long as I stand.
Garen,In the king’s name!
Garen,Let them come.
Garen,No foe shall stand.
Garen,Stand strong!
Garen,Strike with honor.
Garen,The light of Demacia!
Garen,They will know fear.
Garen,This blade never falters.
Garen,To protect our land!
Garen,We fight for those who cannot.
Gnar,Baba gugu!
Gnar,Dino chomp!
Gnar,Fish fish fish!
Gnar,Gnargnargnar!
Gnar,Me mega now!
Gnar,Me smash!
Gnar,More boomerang!
Gnar,Rawr!
Gnar,Run run!
Gnar,Smash now!
Gragas,A drink a day keeps the enemy away!
Gragas,Belly up!
Gragas,Bottoms up!
Gragas,Drink first, fight later.
Gragas,Drinks on me!
Gragas,Everyone needs a hobby.
Gragas,Fancy a pint?
Gragas,I’ve got a belly full of rage.
Gragas,Let’s get this party started!
Gragas,Nothing like a good brawl!
Gragas,Raise your glass!
Gragas,The bigger they are...
Gragas,Time for a round!
Gragas,Who needs a plan?
Graves,Back in the game.
Graves,Bang.
Graves,Dead to rights.
Graves,Don't start what you can't finish.
Graves,Draw!
Graves,Guns blazing.
Graves,I ain’t done yet.
Graves,Keep your head down.
Graves,Locked and loaded.
Graves,More than just a shotgun.
Graves,No such thing as overkill.
Graves,Outta my way.
Graves,Reckon it's time.
Graves,That’s the last mistake you’ll make.
Graves,Time to settle the score.
Graves,Try me.
Graves,You just made my list.
Gwen,A cut above!
Gwen,All dolled up!
Gwen,Every stitch in place.
Gwen,For every cut, a thread.
Gwen,Good morning!
Gwen,I feel... wonderful!
Gwen,Let's sew some chaos!
Gwen,My scissors are ready.
Gwen,No unraveling me!
Gwen,One stitch at a time.
Gwen,Snip snip!
Gwen,Something lovely is about to happen.
Gwen,The world’s my pincushion.
Gwen,This’ll look great on you!
Gwen,Time to twirl!
Gwen,You're going to look fabulous—in pieces!
Hecarim,Bring forth the carnage!
Hecarim,Crush their bones!
Hecarim,Death rides with me.
Hecarim,Feel the ground tremble.
Hecarim,Fear the shadow of war.
Hecarim,Hear the thunder of hooves!
Hecarim,I am the herald of war!
Hecarim,I ride for vengeance!
Hecarim,Let the ride begin!
Hecarim,No peace for the fallen.
Hecarim,Run them down!
Hecarim,The war never ends.
Hecarim,Trample them underhoof!
Hecarim,You cannot run from ruin.
Heimerdinger,Ah, the sweet smell of science!
Heimerdinger,Back to the lab!
Heimerdinger,Big plans!
Heimerdinger,Data must be gathered!
Heimerdinger,Eureka!
Heimerdinger,Fascinating!
Heimerdinger,How delightful!
Heimerdinger,I have the best inventions!
Heimerdinger,I'm on the brink of a breakthrough!
Heimerdinger,It’s not rocket science—it’s much more complex!
Heimerdinger,Stand back! I’m about to do... SCIENCE!
Heimerdinger,The potential for miscalculation is... minimal.
Heimerdinger,Time for a field test!
Heimerdinger,What an astounding conundrum!
Heimerdinger,Yes, yes! Science!
Illaoi,Bear witness to the truth!
Illaoi,Challenge me, and you challenge the gods.
Illaoi,Face your trial.
Illaoi,Feel her grasp!
Illaoi,Hers is the voice I follow.
Illaoi,I bring the test.
Illaoi,It is not strength without purpose.
Illaoi,Let them fight their demons.
Illaoi,The truth is revealed through struggle.
Illaoi,They must learn through pain.
Illaoi,This is your test.
Illaoi,Truth is earned.
Illaoi,We are born to struggle.
Irelia,By blade and balance.
Irelia,Dance with what brought you.
Irelia,Defy them!
Irelia,Every movement has meaning.
Irelia,Grace in every strike.
Irelia,Hold your ground.
Irelia,My dance continues.
Irelia,No step wasted.
Irelia,Strike with poise.
Irelia,The blade follows.
Irelia,They won't push us again.
Irelia,We do not falter.
Irelia,You can't cage the wind.
Ivern,Amazing things happen when seeds grow.
Ivern,Be kind to the forest, and it will be kind to you.
Ivern,Branching out!
Ivern,Friend of the forest.
Ivern,Go Daisy!
Ivern,Green is good!
Ivern,I am the brush!
Ivern,I like your spark!
Ivern,Let's blossom!
Ivern,Nature walks with me.
Ivern,Oh, a new friend!
Ivern,Roots run deep.
Ivern,The forest answers back.
Ivern,Trees talk to me.
Janna,Calm the storm.
Janna,Feel the breeze.
Janna,Let the winds guide you.
Janna,Peace be with you.
Janna,Storms gather.
Janna,Swift as the wind.
Janna,The sky’s embrace.
Janna,We are wind and freedom.
Janna,Winds of change.
Janna,You are not alone.
Jarvan IV,By my will, this shall be finished!
Jarvan IV,Demacia endures!
Jarvan IV,For the honor of all!
Jarvan IV,Hold the line!
Jarvan IV,I will not falter.
Jarvan IV,March forward!
Jarvan IV,Stand with me!
Jarvan IV,The crown must protect.
Jarvan IV,This is our battle!
Jarvan IV,We rise or fall as one.
Jax,At least try!
Jax,Can’t touch this.
Jax,Here we go again.
Jax,I haven’t even broken a sweat.
Jax,I never skip arm day.
Jax,I was hoping for a challenge.
Jax,Let’s get to the fun part.
Jax,Pick up a weapon, any weapon!
Jax,Still got it.
Jax,Who wants some?
Jayce,Advance the line!
Jayce,Brilliant design!
Jayce,Charge it up!
Jayce,Demacia is innovation.
Jayce,Don’t blink!
Jayce,For progress!
Jayce,Forward march!
Jayce,Hit the limit!
Jayce,Innovation is magic.
Jayce,Let’s show them power.
Jhin,Art requires a certain cruelty.
Jhin,Beauty in death.
Jhin,Curtain call!
Jhin,Every shot is a masterpiece.
Jhin,I have the best seat.
Jhin,In carnage, I bloom.
Jhin,Perfection through pain.
Jhin,Smile—it’s your curtain call.
Jhin,The trigger on a loaded mind.
Jhin,Violence is elegance.
Jinx,BOOM! Haha!
Jinx,Bring on the mayhem!
Jinx,Everyone panic!
Jinx,I'm crazy! Got a doctor's note!
Jinx,Let’s start a riot!
Jinx,No rules, just guns.
Jinx,Smile! It’s called gunfire.
Jinx,This’ll be a blast!
Jinx,Time for a killing spree!
Jinx,Who needs a reason?
Kai’Sa,Adapt and survive.
Kai’Sa,Darkness suits me.
Kai’Sa,Each step brings me closer.
Kai’Sa,From the void, I strike.
Kai’Sa,I am not afraid.
Kai’Sa,In the silence, I hunt.
Kai’Sa,Nothing escapes.
Kai’Sa,The void has changed me.
Kai’Sa,They won’t see me coming.
Kai’Sa,We are not alone.
Kalista,Avenge me.
Kalista,Bound in torment.
Kalista,Death is no escape.
Kalista,Forged in betrayal.
Kalista,Let vengeance pierce!
Kalista,No peace for traitors.
Kalista,One more soul for the chain.
Kalista,Pierce the veil!
Kalista,The guilty will know my name.
Kalista,They will not escape.
Karma,Act with purpose.
Karma,Awaken your spirit.
Karma,Balance in all things.
Karma,Embrace the present.
Karma,Follow the truth within.
Karma,In every ending, a beginning.
Karma,Let peace find you.
Karma,Stillness is strength.
Karma,We are one.
Karma,Your spirit is strong.
Karthus,Death sings to me.
Karthus,Embrace oblivion.
Karthus,Everything ends.
Karthus,Fade into nothing.
Karthus,Hear my dirge.
Karthus,Life is but a prelude to death.
Karthus,Let the final verse play.
Karthus,My song shall echo forever.
Karthus,The living fear what they cannot escape.
Karthus,There is only the end.
Kassadin,A new journey begins.
Kassadin,Embrace the unknown.
Kassadin,Into the void.
Kassadin,Nothing will stop me.
Kassadin,Silence is victory.
Kassadin,The void is my home.
Kassadin,These rifts must be sealed.
Kassadin,Time means nothing.
Kassadin,Void energy rising.
Kassadin,We walk in shadow.
Katarina,Blades do not lie.
Katarina,Death is in my wake.
Katarina,Everything is a weapon.
Katarina,I live for the kill.
Katarina,Keep up if you can.
Katarina,My blade remembers.
Katarina,No turning back.
Katarina,Slit throat, silent step.
Katarina,Strike fast, leave nothing.
Katarina,They won’t even see me coming.
Kayle,By righteous fire!
Kayle,Divine judgment awaits!
Kayle,Grace and fury.
Kayle,Heaven’s blade is ready.
Kayle,I bring justice.
Kayle,No mercy for the wicked.
Kayle,Repent or perish.
Kayle,Stand aside or be judged.
Kayle,The light guides me.
Kayle,You are not worthy.
Kayn,Conflict makes us stronger.
Kayn,Darkness devours all.
Kayn,Every kill fuels the weapon.
Kayn,Fear what you become.
Kayn,I will decide our fate.
Kayn,Let’s see who survives.
Kayn,Shadow or scythe—it matters not.
Kayn,The weapon speaks to me.
Kayn,We are more than flesh.
Kayn,Your end begins now.
Kennen,Another spark for the storm!
Kennen,Electric justice!
Kennen,Fast and focused!
Kennen,Flash and dash!
Kennen,Let’s go!
Kennen,Lightning in a bottle!
Kennen,No one outruns the storm!
Kennen,Strike like lightning!
Kennen,The storm approaches.
Kennen,Thunder awaits!
Kha'Zix,Adapt... evolve... overcome.
Kha'Zix,Devour the unworthy.
Kha'Zix,Evolution is inevitable.
Kha'Zix,Fear the void!
Kha'Zix,Kill... consume...
Kha'Zix,Prey detected.
Kha'Zix,The hunt begins.
Kha'Zix,They never see it coming.
Kha'Zix,This world will be mine.
Kha'Zix,You are not alone.
Kindred,All things know us.
Kindred,Death is never the end.
Kindred,Don’t run.
Kindred,Embrace oblivion.
Kindred,Follow if you can.
Kindred,Have you prepared yourself?
Kindred,I see you.
Kindred,Run if you must.
Kindred,The chase is on.
Kindred,We know your name.
Kled,Ain’t no stoppin’ me now!
Kled,Charge!
Kled,Come on, Skarl!
Kled,Get off my land!
Kled,I ain't scared of nothin'!
Kled,I'm made of scars and spit!
Kled,Let's wreck stuff!
Kled,No backin’ down!
Kled,That all you got?!
Kled,YEEHAW!
Kog'Maw,Burp!
Kog'Maw,Chew chew chew!
Kog'Maw,Everything is tasty!
Kog'Maw,Explode!
Kog'Maw,Hungry!
Kog'Maw,I wants that!
Kog'Maw,Must eat everything!
Kog'Maw,Spit and sizzle!
Kog'Maw,This world is delicious!
Kog'Maw,Yummy!
LeBlanc,A little deception never hurt anyone.
LeBlanc,All according to plan.
LeBlanc,Don’t believe everything you see.
LeBlanc,Everything is a lie.
LeBlanc,Illusions are real.
LeBlanc,Let’s play a trick.
LeBlanc,Now you see me...
LeBlanc,Secrets are power.
LeBlanc,The world is my stage.
LeBlanc,What you see is not what you get.
Lee Sin,Act, don’t hesitate.
Lee Sin,Adapt to all situations.
Lee Sin,Be still.
Lee Sin,Focus your mind.
Lee Sin,I will show you the path.
Lee Sin,My spirit is unbreakable.
Lee Sin,One step at a time.
Lee Sin,Quiet your mind.
Lee Sin,Strike firmly.
Lee Sin,Your will, my hands.
Leona,A sun never sets.
Leona,By the light!
Leona,Dawn is coming.
Leona,Feel the sun’s glory!
Leona,I bring the light.
Leona,Let’s light it up!
Leona,Rise with the sun.
Leona,Stand strong in the light.
Leona,The sun always rises.
Leona,We are the day.
Lillia,A dream becomes real.
Lillia,All the dreams, so gentle!
Lillia,Don't be afraid...
Lillia,I won’t let the nightmares in!
Lillia,It’s okay to rest.
Lillia,Let’s wander a while.
Lillia,My branch is ready!
Lillia,Oh, a lovely thought!
Lillia,So many dreams to care for!
Lillia,Time to sleep...
Lissandra,All will be buried beneath the ice.
Lissandra,Chill...
Lissandra,Cold silence is the only answer.
Lissandra,Embrace the frost.
Lissandra,Ice never lies.
Lissandra,I am the true power of the Freljord.
Lissandra,Let the storm rage.
Lissandra,Shatter and freeze.
Lissandra,The world will end in ice.
Lissandra,They will beg for silence.
Lucian,Back to the fight.
Lucian,Can’t stop me.
Lucian,Death walks behind me.
Lucian,Don’t blink.
Lucian,Get out of my way.
Lucian,I bring light to the darkness.
Lucian,I’ll never stop.
Lucian,Reloading!
Lucian,They’ll pay for what they did.
Lucian,You picked the wrong fight.
Lulu,A little sparkle goes a long way!
Lulu,Are we there yet?
Lulu,Bigger is better!
Lulu,Glitter everywhere!
Lulu,I know a shortcut!
Lulu,Let's make mischief!
Lulu,More sparkle!
Lulu,Not yordle-fied yet!
Lulu,Whimsy incoming!
Lulu,You look better fuzzy!
Lux,All light, no shadow!
Lux,Brilliance is my weapon!
Lux,Can’t stop the light!
Lux,Feel the light!
Lux,I’ll light your way!
Lux,Let’s shine!
Lux,Light it up!
Lux,Shining bright!
Lux,That’s the spirit!
Lux,You can’t snuff out light!
Malphite,Another rock in the road.
Malphite,Crush them!
Malphite,Feel the ground shake!
Malphite,Heavy hands win fights.
Malphite,I am the mountain.
Malphite,No one moves me.
Malphite,Rocks don’t lose.
Malphite,Stone and silence.
Malphite,The earth will break you.
Malphite,You shall not pass.
Malzahar,All will be one.
Malzahar,Embrace the void.
Malzahar,Fate cannot be avoided.
Malzahar,Let the voices guide you.
Malzahar,Oblivion comes.
Malzahar,See what lies beyond.
Malzahar,The void speaks.
Malzahar,They cannot resist destiny.
Malzahar,Unseen, unheard.
Malzahar,Your fate is already written.
Maokai,Back to the roots!
Maokai,Chop them down!
Maokai,Feel the bark!
Maokai,I am the wrath of nature!
Maokai,Leaf me alone!
Maokai,Nature always wins.
Maokai,The forest answers.
Maokai,They’ve gone too far!
Maokai,This land is mine!
Maokai,You messed with the wrong tree!
Master Yi,Adapt to all situations.
Master Yi,Balance in all things.
Master Yi,Focus.
Master Yi,For the Wuju!
Master Yi,Let’s begin.
Master Yi,Master yourself.
Master Yi,No hesitation.
Master Yi,Quiet your mind.
Master Yi,Sharpen your focus.
Master Yi,The true path is revealed.
Miss Fortune,Aim. Fire. Reload.
Miss Fortune,Beauty and danger.
Miss Fortune,Boom, headshot!
Miss Fortune,Fortune favors the bold.
Miss Fortune,Heads up!
Miss Fortune,I'm always on the mark.
Miss Fortune,Let’s make it flashy.
Miss Fortune,Ready to turn the tide.
Miss Fortune,Shoot first, ask later.
Miss Fortune,You’ll never see me coming.
Mordekaiser,All will kneel.
Mordekaiser,Crush the weak.
Mordekaiser,Death is not the end.
Mordekaiser,Endless pain.
Mordekaiser,Feel my wrath!
Mordekaiser,I am eternal.
Mordekaiser,I bring oblivion.
Mordekaiser,No escape from death.
Mordekaiser,Submit or perish.
Mordekaiser,Your soul is mine.
Morgana,All will know pain.
Morgana,Bound by darkness.
Morgana,Darkness is my shield.
Morgana,Embrace the suffering.
Morgana,Find peace in torment.
Morgana,Hope is a lie.
Morgana,I will not forgive.
Morgana,My wings are heavy with sin.
Morgana,There’s no salvation here.
Morgana,Your penance begins.
Nami,A current flows through me.
Nami,By the tides!
Nami,Crash upon them!
Nami,Feel the undertow.
Nami,I bring the wave.
Nami,Let the sea cleanse you.
Nami,Ocean's blessing upon you.
Nami,Ride the wave!
Nami,The sea calls.
Nami,Water guides me.
Nasus,All will wither.
Nasus,By my will.
Nasus,Endless knowledge.
Nasus,For Shurima.
Nasus,I bring judgment.
Nasus,Life is fleeting.
Nasus,Return to dust.
Nasus,The cycle ends here.
Nasus,Time devours all.
Nasus,You cannot outrun destiny.
Nautilus,Beware the depths.
Nautilus,Dragged to the bottom.
Nautilus,Forged in the deep.
Nautilus,Into the abyss.
Nautilus,No anchor can hold me.
Nautilus,The ocean will have them.
Nautilus,There is no escape.
Nautilus,They took everything.
Nautilus,Weight of the sea...
Nautilus,You’ll drown with them.
Neeko,All the colors!
Neeko,Chameleons rule!
Neeko,Fun times!
Neeko,I see it all!
Neeko,Is that a trick? Yes!
Neeko,Lots of tricks!
Neeko,Neeko is here!
Neeko,So many paths!
Neeko,This’ll be fun!
Neeko,You look like Neeko!
Nidalee,Call of the wild!
Nidalee,Claws or spears?
Nidalee,Hunt or be hunted.
Nidalee,I run with the wild.
Nidalee,Leap of faith!
Nidalee,My spear finds you.
Nidalee,No prey is safe.
Nidalee,Prowl through the jungle.
Nidalee,The beast within.
Nidalee,Wild as the wind.
Nilah,Bliss in battle!
Nilah,By joy alone.
Nilah,Dance with the tide!
Nilah,Feel the joy!
Nilah,I smile at danger.
Nilah,Joy is strength.
Nilah,Let the waters rise!
Nilah,No fear, no sorrow.
Nilah,Smile through everything.
Nilah,You will know delight!
Nocturne,Darkness...
Nocturne,Endless fear.
Nocturne,Feel the night.
Nocturne,I bring terror.
Nocturne,Into the shadows.
Nocturne,Let fear consume you.
Nocturne,Nightmare unleashed.
Nocturne,Shadows are truth.
Nocturne,The dark is here.
Nocturne,Welcome the void.
Nunu & Willump,Best friends forever!
Nunu & Willump,Bigger snowball!
Nunu & Willump,Friendship is magic!
Nunu & Willump,Let’s go faster!
Nunu & Willump,Nothing beats adventure!
Nunu & Willump,Snowball fight!
Nunu & Willump,The world is our playground!
Nunu & Willump,We’re unstoppable!
Nunu & Willump,Willump is the best!
Nunu & Willump,Yeti power!
Olaf,Axes ready!
Olaf,Bring the fury!
Olaf,Death comes swinging!
Olaf,Fight to the end!
Olaf,I live for the challenge!
Olaf,Let’s rage!
Olaf,No surrender!
Olaf,Smash everything!
Olaf,This is the way!
Olaf,Who wants battle?
Orianna,All gears turning.
Orianna,Calibration complete.
Orianna,Command: attack.
Orianna,Error: fear not found.
Orianna,Gears grinding!
Orianna,I feel... functional.
Orianna,Logic over emotion.
Orianna,My ball is ready.
Orianna,Precision is paramount.
Orianna,Target acquired.
Ornn,Another fine forge!
Ornn,Bring the hammer down.
Ornn,Craft with care.
Ornn,Don’t touch my tools.
Ornn,Forged in fire.
Ornn,Get off my mountain.
Ornn,Horns up!
Ornn,I build, I break.
Ornn,No shortcuts!
Ornn,This anvil doesn’t lie.
Pantheon,A warrior's resolve!
Pantheon,Bravery is forged.
Pantheon,Face me!
Pantheon,I will not yield.
Pantheon,My spear knows the truth.
Pantheon,Stand tall.
Pantheon,Strength above all.
Pantheon,The heavens watch.
Pantheon,To the stars!
Pantheon,War defines us.
Poppy,For Demacia!
Poppy,Hold the line!
Poppy,My hammer is ready.
Poppy,Not on my watch!
Poppy,One yordle army!
Poppy,Shield up!
Poppy,Stand behind me!
Poppy,The hero they need.
Poppy,Time to bash!
Poppy,Who needs backup?
Pyke,Blood in the water.
Pyke,Can't outrun the tide.
Pyke,Everyone dies—some just need a little help.
Pyke,From the depths.
Pyke,I see your name.
Pyke,No one escapes the list.
Pyke,Shadows move.
Pyke,Still breathing? Not for long.
Pyke,They never see it coming.
Pyke,This blade remembers.
Qiyana,All eyes on me!
Qiyana,Bow before your empress.
Qiyana,Crown up, head high.
Qiyana,I'm the best—get used to it.
Qiyana,My kingdom, my rules.
Qiyana,Respect the elements—and me.
Qiyana,Style and power.
Qiyana,The jungle bends to me.
Qiyana,Watch this!
Qiyana,You’re in my way.
Quinn,Aerial advantage secured.
Quinn,Demacia soars!
Quinn,Eyes on the enemy.
Quinn,Fly high, Valor!
Quinn,Let’s scout ahead.
Quinn,Move as one.
Quinn,Precision from above.
Quinn,Target locked.
Quinn,Valor and I are ready.
Quinn,Wings unbound.
Rakan,Anything for you, darling.
Rakan,Charm offensive!
Rakan,Dance with me.
Rakan,For love and battle!
Rakan,Heads up!
Rakan,I’m the whole package!
Rakan,My moves are legendary.
Rakan,Nothing but style!
Rakan,Romance in motion.
Rakan,This is our spotlight.
Rammus,Ok.
Rammus,Alright.
Rammus,Yep.
Rammus,Mhm.
Rammus,Okay.
Rammus,Yeah.
Rammus,Rolling out.
Rammus,Let’s go.
Rammus,Uh-huh.
Rammus,Ready.
Rek'Sai,Burrow... feed...
Rek'Sai,Fear the tunnels.
Rek'Sai,Hunger never ends.
Rek'Sai,I sense them.
Rek'Sai,Never stop digging.
Rek'Sai,Predator in motion.
Rek'Sai,Ready to strike.
Rek'Sai,Silent but deadly.
Rek'Sai,Surface prey detected.
Rek'Sai,Tremble before me.
Rell,Armor up!
Rell,Brace for impact!
Rell,Bring it down!
Rell,Feel the iron will!
Rell,For the broken!
Rell,Heavy metal!
Rell,Let’s end this!
Rell,Metal is might!
Rell,The rebellion rises!
Rell,They’ll never break me.
Renata Glasc,A deal they can’t refuse.
Renata Glasc,All business, all the time.
Renata Glasc,Assets secured.
Renata Glasc,Don’t test my patience.
Renata Glasc,I offer opportunity.
Renata Glasc,Money moves the world.
Renata Glasc,My empire expands.
Renata Glasc,Power is leverage.
Renata Glasc,The Glasc touch.
Renata Glasc,Welcome to progress.
Renekton,Apex predator.
Renekton,Blood and sand!
Renekton,Bring the fury!
Renekton,Crush the weak!
Renekton,Fear the butcher.
Renekton,No mercy!
Renekton,Rage unleashed!
Renekton,Shurima bleeds!
Renekton,They will be torn apart!
Renekton,You are prey.
Rengar,The hunt is on!
Rengar,Claws out.
Rengar,Feral instincts.
Rengar,Get ready to pounce.
Rengar,Hunt or be hunted.
Rengar,My trophies await.
Rengar,Pounce and tear!
Rengar,Sharp eyes, sharper claws.
Rengar,Silence is golden.
Rengar,They won’t see me coming.
Riven,A blade reborn.
Riven,By my blade.
Riven,Exile no longer.
Riven,Feel the edge!
Riven,I will not falter.
Riven,My resolve is strong.
Riven,One cut is all it takes.
Riven,Redemption through battle.
Riven,Strength through purpose.
Riven,The blade speaks.
Rumble,All systems go!
Rumble,Boiling point reached!
Rumble,Don’t touch the mech!
Rumble,Engage the heat!
Rumble,Feel the burn!
Rumble,Flame on!
Rumble,Let’s crank it up!
Rumble,Mech power engaged!
Rumble,Overheat incoming!
Rumble,Who’s overheating now?
Ryze,Ancient knowledge lives on.
Ryze,Arcane mastery!
Ryze,By the scrolls!
Ryze,Don’t test a rune mage.
Ryze,Magic is everything.
Ryze,No time to waste.
Ryze,Power in words.
Ryze,Scroll secure.
Ryze,The runes guide me.
Ryze,This world needs fixing.
Samira,Always the spotlight!
Samira,Call that a fight?
Samira,Danger’s my game.
Samira,Don’t blink!
Samira,Fast and fearless!
Samira,I make this look good.
Samira,Just my style.
Samira,Showtime!
Samira,Style over everything.
Samira,Watch and learn!
Sejuani,By winter’s will!
Sejuani,Crush the invaders!
Sejuani,Frozen fury!
Sejuani,Honor through battle.
Sejuani,Lead the charge!
Sejuani,North and proud!
Sejuani,Show them no mercy!
Sejuani,Strength above snow!
Sejuani,Trample them!
Sejuani,Winter is war!
Senna,Darkness, meet light.
Senna,Fight for the fallen.
Senna,I won’t be silenced.
Senna,Light pierces all.
Senna,No rest for the dead.
Senna,Shadows fear me.
Senna,Stand together.
Senna,The mist fades.
Senna,This is my fight.
Senna,Truth is the weapon.
Seraphine,All eyes on me!
Seraphine,Catch the beat!
Seraphine,Feel the rhythm!
Seraphine,I hear your soul.
Seraphine,Let’s harmonize!
Seraphine,Music heals!
Seraphine,Shining on stage!
Seraphine,Sound check!
Seraphine,This one’s for you!
Seraphine,Turn up the volume!
Sett,Better fight me now.
Sett,Don’t hold back!
Sett,Facebreaker coming through!
Sett,Get ready to rumble!
Sett,I don’t need backup.
Sett,Let’s brawl!
Sett,No pain, no pay!
Sett,That’s how it’s done!
Sett,Time for a beatdown!
Sett,You lookin’ at me?
Shaco,A little chaos never hurt.
Shaco,Come play with me.
Shaco,Everybody dies—some more than once.
Shaco,Let’s make 'em laugh!
Shaco,Now you see me...
Shaco,Surprise!
Shaco,The joke’s on you!
Shaco,Trick or treat!
Shaco,Why so serious?
Shaco,You’ll never catch me.
Shen,All things are connected.
Shen,Balance above all.
Shen,Defend with honor.
Shen,My blade is ready.
Shen,Protect those who cannot protect themselves.
Shen,Shadow and steel.
Shen,Stillness in motion.
Shen,Strike with precision.
Shen,The eye is open.
Shen,We stand together.
Shyvana,Burn them all!
Shyvana,By dragonfire!
Shyvana,Feel the flames!
Shyvana,Flame breath ready!
Shyvana,I am the fury.
Shyvana,Let the hunt begin!
Shyvana,Roar of the dragon!
Shyvana,Scorch their path!
Shyvana,This is true power.
Shyvana,Wings unfurled!
Singed,Catch me if you can!
Singed,Don’t breathe this!
Singed,Everything burns!
Singed,I love my work.
Singed,Let it rot!
Singed,Madness is genius.
Singed,No going back now.
Singed,Nothing a little poison won’t fix.
Singed,Science prevails!
Singed,You’re already infected.
Sion,Bring me more!
Sion,Crush their bones!
Sion,Death is glory!
Sion,Face me!
Sion,I fear no death.
Sion,No retreat!
Sion,Obliterate!
Sion,Rise and smash!
Sion,Smash them all!
Sion,Wrecking ball coming through!
Sivir,Aim true.
Sivir,Blades ready!
Sivir,Fortune favors the bold.
Sivir,Hit hard, hit fast.
Sivir,I make my own luck.
Sivir,Let’s do this right.
Sivir,No fear, no limits.
Sivir,Precision over power.
Sivir,Ready for action!
Sivir,To victory!
Skarner,Awaken the crystal.
Skarner,Crystalline power!
Skarner,Feel the sting!
Skarner,Guard the sands.
Skarner,Let the earth tremble!
Skarner,No escape.
Skarner,Protect the legacy.
Skarner,The hive endures.
Skarner,We rise from stone.
Skarner,You are not welcome.
Smolder,Big fire incoming!
Smolder,Don’t underestimate me!
Smolder,Flames forever!
Smolder,I can fly too!
Smolder,Let’s go go go!
Smolder,Roasty toasty!
Smolder,Smolder’s here!
Smolder,This is my spark!
Smolder,Up, up, and on fire!
Smolder,Watch me blaze!
Soraka,A light in darkness.
Soraka,Be still.
Soraka,Breathe and heal.
Soraka,Hope never fades.
Soraka,I bring peace.
Soraka,Light guide you.
Soraka,Shine with me.
Soraka,Stars above protect you.
Soraka,The heavens listen.
Soraka,Your pain is mine.
Swain,All will serve.
Swain,By fire and fate.
Swain,Command is power.
Swain,Every move calculated.
Swain,Let them learn the hard way.
Swain,Power is knowing.
Swain,The crows know.
Swain,This war never ends.
Swain,Truth is victory.
Swain,We are watching.
Sylas,Break the chains!
Sylas,Chains can’t hold me!
Sylas,Fight the oppressors!
Sylas,I will not be silenced.
Sylas,Let magic rise!
Sylas,No more shackles.
Sylas,Rebellion is righteous!
Sylas,Steal their power!
Sylas,The revolution begins!
Sylas,They will feel what I felt.
Syndra,All power is mine.
Syndra,Bow before true power.
Syndra,Crush them all!
Syndra,Feel the force!
Syndra,I am limitless.
Syndra,Let none remain.
Syndra,My strength is absolute.
Syndra,Power unleashed!
Syndra,Strength is freedom.
Syndra,You are beneath me.
Tahm Kench,A feast awaits.
Tahm Kench,Delightful.
Tahm Kench,Every soul has a price.
Tahm Kench,Fancy a snack?
Tahm Kench,Greed suits me.
Tahm Kench,Hunger never ends.
Tahm Kench,Let's make a deal.
Tahm Kench,My taste is exquisite.
Tahm Kench,Temptation is tasty.
Tahm Kench,You’ll be delicious.
Taliyah,Bend the earth!
Taliyah,By stone and will!
Taliyah,Feel the ground shift!
Taliyah,I shape my own path.
Taliyah,Let’s rock!
Taliyah,Moving forward!
Taliyah,Ride the wave!
Taliyah,Stone weave ready!
Taliyah,The earth speaks to me.
Taliyah,This is my journey.
Talon,Assassinate and vanish.
Talon,Blades in the dark.
Talon,Every kill matters.
Talon,Fade into shadow.
Talon,In and out—fast.
Talon,No witnesses.
Talon,Silence is survival.
Talon,Strike unseen.
Talon,The kill is mine.
Talon,You won’t hear it coming.
Taric,Beauty in strength.
Taric,Crystals shine eternal.
Taric,Embrace the stars.
Taric,Every gem shines.
Taric,Let love guide you.
Taric,Shine bright.
Taric,Stand firm, sparkle more.
Taric,The mountain's blessing.
Taric,True beauty is courage.
Taric,You are radiant.
Teemo,Armed and ready!
Teemo,Blinding dart!
Teemo,Captain Teemo on duty!
Teemo,I'll scout ahead!
Teemo,Incoming!
Teemo,Never underestimate the scout!
Teemo,On my way!
Teemo,Scout’s honor!
Teemo,Size doesn’t matter.
Teemo,Swiftly!
Thresh,A harvest moon rises.
Thresh,Ashes to dust.
Thresh,Feel their fear.
Thresh,I collect everything.
Thresh,Let the chains speak.
Thresh,One more soul.
Thresh,Step into the darkness.
Thresh,Suffering is my delight.
Thresh,The chain is broken.
Thresh,You belong to me now.
Tristana,Boom goes the cannon!
Tristana,Cannon ready!
Tristana,Explosions first!
Tristana,Fire in the hole!
Tristana,Let’s jump in!
Tristana,Lock and load!
Tristana,Ready to rocket!
Tristana,This’ll be fun!
Tristana,Tristana’s on the move!
Tristana,You’re going down!
Trundle,Bite and bash!
Trundle,Can’t stop the troll!
Trundle,Cold as ice!
Trundle,Get clubbed!
Trundle,Ice for days!
Trundle,I’m king of trolls!
Trundle,Nobody beats me!
Trundle,Smash time!
Trundle,Trolls rule!
Trundle,You mess with the troll?
Tryndamere,All rage, no regrets.
Tryndamere,Blade of my fury!
Tryndamere,I will not die!
Tryndamere,My strength never wanes.
Tryndamere,No mercy.
Tryndamere,Power is everything.
Tryndamere,The fury burns on.
Tryndamere,They’ll regret crossing me.
Tryndamere,Unstoppable force!
Tryndamere,You’ll feel my wrath.
Twisted Fate,A deal’s a deal.
Twisted Fate,Can’t lose with cards like these.
Twisted Fate,Charmed, I’m sure.
Twisted Fate,Feeling lucky?
Twisted Fate,Fortune’s smile.
Twisted Fate,Let’s raise the stakes.
Twisted Fate,Pick a card.
Twisted Fate,Stacked deck.
Twisted Fate,The cards never lie.
Twisted Fate,Time to ante up.
Twitch,Aim steady.
Twitch,Bang bang!
Twitch,Cheese it!
Twitch,Let’s get toxic.
Twitch,Nobody sneaks like me!
Twitch,One rat to rule them all!
Twitch,Sneaky sneak.
Twitch,Spread the plague!
Twitch,Surprise attack!
Twitch,Who’s there? Just me!
Udyr,Awaken the beast.
Udyr,Call of the wild.
Udyr,Elemental fury!
Udyr,Feel nature’s wrath.
Udyr,Forms converge.
Udyr,No words, only action.
Udyr,Primal power!
Udyr,Spirit of the tiger!
Udyr,The wild is watching.
Udyr,Unleash nature.
Urgot,All will kneel!
Urgot,Crush the weak!
Urgot,Endless suffering!
Urgot,Fear the chains!
Urgot,Iron will!
Urgot,Let them come.
Urgot,No more weakness!
Urgot,Pain is purpose.
Urgot,Reforge through agony.
Urgot,Tremble!
Varus,Aim true.
Varus,Beauty in pain.
Varus,By my bow.
Varus,End this corruption.
Varus,Feel the sting!
Varus,Let vengeance fly!
Varus,My aim is steady.
Varus,No mercy, no rest.
Varus,Precision perfected.
Varus,The arrow knows.
Vayne,A clean shot.
Vayne,Bring them down!
Vayne,Darkness won’t hide them.
Vayne,Every shadow hides prey.
Vayne,For justice!
Vayne,I smell evil.
Vayne,No escape.
Vayne,Silver bolts ready.
Vayne,Strike from the dark.
Vayne,Vengeance is mine.
Veigar,All shall kneel!
Veigar,Bow to your master!
Veigar,Darkness beyond measure!
Veigar,Embrace the evil!
Veigar,Feel my power!
Veigar,Nothing will stop me!
Veigar,Power unlimited!
Veigar,The world is mine!
Veigar,Tiny? I think not!
Veigar,Your end is nigh!
Vel'Koz,Analyzing threats.
Vel'Koz,Dissecting target.
Vel'Koz,Inquiring minds obliterate.
Vel'Koz,Knowledge is power.
Vel'Koz,Let’s begin dissection.
Vel'Koz,Research mode active.
Vel'Koz,Subject acquired.
Vel'Koz,The unknown beckons.
Vel'Koz,This experiment ends now.
Vel'Koz,Understanding through destruction.
Vex,Another day... sigh.
Vex,Don’t care.
Vex,Go away.
Vex,I guess I’ll help.
Vex,It’s all meaningless.
Vex,My gloom is real.
Vex,No excitement allowed.
Vex,Nothing matters.
Vex,Sigh... fine.
Vex,Whatever.
Vi,Boom!
Vi,Check your chin!
Vi,Here comes the punchline.
Vi,I let my fists do the talking.
Vi,Let’s get to work!
Vi,One-two punch!
Vi,Ready for a fight?
Vi,Take this!
Vi,That’s how you throw a punch!
Vi,Time to crack skulls.
Viego,All will fall for her.
Viego,By her name!
Viego,Her love sustains me.
Viego,I am not whole.
Viego,Love makes monsters.
Viego,Nothing else matters.
Viego,The Ruination lives.
Viego,They will know sorrow.
Viego,Through shadow and death.
Viego,You will love her too.
Viktor,Behold true evolution!
Viktor,Embrace progress.
Viktor,For science!
Viktor,Glory to the new age!
Viktor,I am the future!
Viktor,Innovation drives me.
Viktor,Mechanized perfection!
Viktor,Progress is inevitable.
Viktor,Redesign complete.
Viktor,This is the next step.
Vladimir,Blood is power.
Vladimir,Drip by drip.
Vladimir,Embrace the thirst.
Vladimir,Let it flow.
Vladimir,My veins run red.
Vladimir,Now we dance.
Vladimir,Scarlet elegance!
Vladimir,This is exquisite.
Vladimir,Time for a transfusion.
Vladimir,What a rush!
Volibear,All tremble before me!
Volibear,Crack the sky!
Volibear,Feel the storm!
Volibear,Honor the old ways.
Volibear,Lightning guides me.
Volibear,No peace, only thunder.
Volibear,Roar of thunder!
Volibear,Storm spirit awake!
Volibear,The wild speaks!
Volibear,They will know my name.
Warwick,Blood... I smell it.
Warwick,Chase the scent.
Warwick,Hunt begins!
Warwick,Let it bleed!
Warwick,No escape!
Warwick,Prey runs, predator follows.
Warwick,Sniff sniff... mine.
Warwick,The beast awakens.
Warwick,Time to feed.
Warwick,You’re next.
Wukong,Bring it on!
Wukong,Can’t catch me!
Wukong,Here comes the monkey king!
Wukong,I got tricks!
Wukong,Let’s spar!
Wukong,Monkey magic!
Wukong,Onward to glory!
Wukong,Staff ready!
Wukong,This’ll be fun!
Wukong,Watch this move!
Xayah,Back off!
Xayah,Feathers fly!
Xayah,I fight for us!
Xayah,Keep your distance.
Xayah,My aim is true.
Xayah,Nothing will stop us.
Xayah,Ready to pluck some feathers?
Xayah,Stand with me!
Xayah,They’ll never take us!
Xayah,We’re stronger together.
Xerath,All will burn!
Xerath,Arcane fury!
Xerath,Endless power!
Xerath,Feel the surge!
Xerath,I am beyond mortal.
Xerath,Lightning incarnate!
Xerath,Power overwhelming!
Xerath,Release the storm!
Xerath,This is ascension!
Xerath,Unleashed!
Xin Zhao,By my honor!
Xin Zhao,Defend the crown!
Xin Zhao,For Demacia!
Xin Zhao,Glory calls!
Xin Zhao,Hold the line!
Xin Zhao,I stand ready.
Xin Zhao,Let us charge!
Xin Zhao,My spear is yours.
Xin Zhao,Strength and courage!
Xin Zhao,Victory is near!
Yasuo,A blade’s path.
Yasuo,Death is like the wind.
Yasuo,Fight with honor.
Yasuo,Hasagi!
Yasuo,No cure for fools.
Yasuo,One step ahead.
Yasuo,The wind guides me.
Yasuo,This blade never dulls.
Yasuo,We wander, never lost.
Yasuo,Your fate is sealed.
Yone,Balance must be restored.
Yone,Face your past.
Yone,Honor in life, peace in death.
Yone,I see clearly now.
Yone,No more hesitation.
Yone,Strike from shadow.
Yone,The mask remembers.
Yone,The sword speaks.
Yone,This ends here.
Yone,Two blades, one purpose.
Yorick,Awaken!
Yorick,Death walks with me.
Yorick,Endless toil...
Yorick,From dust to dust.
Yorick,Graves open wide.
Yorick,Life is fleeting.
Yorick,My burden remains.
Yorick,The dead rise.
Yorick,Their cries echo still.
Yorick,You belong to them now.
Yuumi,A book and a nap!
Yuumi,Best friends forever!
Yuumi,Cuddle magic!
Yuumi,Let’s zip around!
Yuumi,Meow-zow!
Yuumi,Need a heal?
Yuumi,Page turner!
Yuumi,Ready when you are!
Yuumi,This is fun!
Yuumi,Yuumi zoom!
Zac,Bounce with me!
Zac,Elastic smash!
Zac,Feel the stretch!
Zac,Goo power!
Zac,I’ve got your back.
Zac,Let’s get squishy.
Zac,No bones to break!
Zac,Slime time!
Zac,Sticky situation!
Zac,What a stretch!
Zed,Balance is a lie.
Zed,Embrace the shadow.
Zed,Face your end.
Zed,I do what must be done.
Zed,No light, only shadow.
Zed,The unseen blade is the deadliest.
Zed,They fear what they cannot see.
Zed,We are the darkness.
Zed,Your fate is sealed.
Zed,Your shadow betrays you.
Zeri,Charge up!
Zeri,Electric feel!
Zeri,Fast and shocking!
Zeri,I’ll light 'em up!
Zeri,Let’s bolt!
Zeri,My sparks fly!
Zeri,Ready to race!
Zeri,This energy’s real!
Zeri,Voltage rising!
Zeri,Zap zap zap!
Ziggs,Boom baby!
Ziggs,Chemically charged!
Ziggs,Explosions everywhere!
Ziggs,Let’s blow this joint!
Ziggs,Ready to detonate!
Ziggs,This’ll be a blast!
Ziggs,Time to tinker!
Ziggs,Watch your step!
Ziggs,What could go wrong?
Ziggs,You light it, I launch it!
Zilean,A stitch in time.
Zilean,Back to the beginning.
Zilean,Chronos on call!
Zilean,Everything in time.
Zilean,I’ve seen it all before.
Zilean,Let’s turn back the clock.
Zilean,Time flies!
Zilean,Time is a circle.
Zilean,Time waits for no one.
Zilean,You’re just in time.
Zoe,Burst into sparkle!
Zoe,Don’t blink!
Zoe,Everything’s amazing!
Zoe,I love everything!
Zoe,Let’s go go go!
Zoe,Shiny and deadly!
Zoe,Stars are watching!
Zoe,This’ll be fun!
Zoe,You can’t catch me!
Zoe,Zoe out!
Zyra,Bloom and doom.
Zyra,Feel the thorns!
Zyra,Flourish in battle.
Zyra,Grow wild!
Zyra,I am nature’s wrath.
Zyra,Let me take root.
Zyra,My garden blooms.
Zyra,Overgrown and angry.
Zyra,Spikes incoming!
Zyra,Thorns for the unworthy.
